{"cameraMode":{"drawMode":0,"name":"Shaded","section":"Shading Mode"},"sceneLighting":true,"audioPlay":false,"sceneViewState":{"m_AlwaysRefresh":false,"showFog":true,"showSkybox":true,"showFlares":true,"showImageEffects":true,"showParticleSystems":true,"showVisualEffectGraphs":true,"m_FxEnabled":true},"in2DMode":false,"pivot":{"x":-168.02101135253907,"y":-12.166545867919922,"z":-7.001439571380615},"rotation":{"x":0.09740158915519715,"y":0.6879908442497253,"z":-0.09347517788410187,"w":0.7132240533828735},"size":15.266167640686036,"orthographic":false}