{"cameraMode":{"drawMode":0,"name":"Shaded","section":"Shading Mode"},"sceneLighting":false,"audioPlay":false,"sceneViewState":{"m_AlwaysRefresh":false,"showFog":true,"showSkybox":false,"showFlares":true,"showImageEffects":true,"showParticleSystems":true,"showVisualEffectGraphs":true,"m_FxEnabled":true},"in2DMode":false,"pivot":{"x":-146.02999877929688,"y":-11.829999923706055,"z":0.06000000238418579},"rotation":{"x":0.1413893699645996,"y":0.6328197717666626,"z":-0.11830800771713257,"w":0.7521889805793762},"size":1.7951319217681885,"orthographic":false}